Transaction ID,Customer ID,Date,Total Items,Unique Items,Total Sales,Discounted Sales,Browsing Duration (minutes),Number of Clicks
TRID_25516,CID_10324,2020-01-23,12,2,11.2,5.93,6.03,11
TRID_18569,CID_10012,2020-03-24,3,3,10.56,7.55,9.35,18
TRID_97307,CID_7234,2020-01-19,7,2,22.72,5.76,6.82,14
TRID_52976,CID_5471,2020-02-21,7,4,16.4,9.43,7.01,13
TRID_10277,CID_12411,2020-01-28,4,4,11.2,8.87,6.17,12
TRID_57952,CID_8502,2020-02-01,8,4,11.44,8.68,2.94,7
TRID_36406,CID_11069,2020-01-22,9,2,7.84,5.7,4.78,10
TRID_33892,CID_11160,2020-03-24,8,3,19.6,7.06,6.41,12
TRID_28568,CID_10142,2020-03-16,4,4,13.52,9.77,2.75,7
TRID_44108,CID_10567,2020-02-26,6,5,15.68,11.27,3.29,8
TRID_80267,CID_6636,2020-02-23,3,2,13.2,5.54,3.93,8
TRID_97430,CID_7372,2020-03-25,7,3,11.28,6.04,3.0,8
TRID_21692,CID_8576,2020-02-22,10,5,23.04,11.49,6.79,14
TRID_85424,CID_12312,2020-03-30,5,2,7.84,5.99,6.75,14
TRID_75451,CID_6460,2020-03-20,13,3,16.88,7.64,9.6,18
TRID_69636,CID_6056,2020-03-07,15,3,9.6,7.39,6.91,13
TRID_49405,CID_11485,2020-01-20,3,3,9.12,6.52,7.98,15
TRID_28623,CID_13132,2020-02-03,5,2,18.16,5.84,2.52,6
TRID_92481,CID_14656,2020-02-07,4,3,7.6,6.9,4.92,10
TRID_75824,CID_8099,2020-03-06,4,1,5.44,3.42,3.71,6
TRID_95761,CID_11719,2020-03-23,8,2,9.84,4.68,5.46,11
TRID_70565,CID_11554,2020-02-16,6,4,12.4,8.63,5.89,11
TRID_76356,CID_10468,2020-02-14,8,3,8.0,7.48,5.9,11
TRID_10581,CID_5719,2020-03-03,3,2,12.08,4.87,4.69,10
TRID_50508,CID_13632,2020-03-13,5,3,16.8,6.7,7.77,16
TRID_7763,CID_7084,2020-01-07,13,3,15.6,7.72,3.25,7
TRID_14312,CID_7329,2020-03-11,4,4,12.64,9.79,5.32,10
TRID_60492,CID_6177,2020-01-14,1,1,15.52,3.27,4.2,8
TRID_12709,CID_14276,2020-01-25,9,6,37.04,13.92,4.89,11
TRID_90771,CID_12298,2020-03-09,5,2,15.6,5.85,2.17,6
TRID_32679,CID_10653,2020-01-28,7,4,11.76,8.26,5.3,11
TRID_90338,CID_11632,2020-03-11,6,2,6.16,5.12,6.3,13
TRID_63222,CID_11609,2020-02-02,19,3,14.88,6.76,7.58,15
TRID_21440,CID_14096,2020-01-23,3,3,14.24,6.43,4.47,10
TRID_9359,CID_6024,2020-02-11,6,3,13.68,6.18,4.54,11
TRID_82192,CID_14616,2020-02-22,4,3,15.44,7.27,8.93,17
TRID_49328,CID_11410,2020-02-18,3,3,18.8,6.23,6.07,12
TRID_84088,CID_6220,2020-02-12,5,4,11.36,8.64,3.45,7
TRID_8183,CID_7493,2020-03-20,3,3,13.28,6.48,5.59,12
TRID_6365,CID_11552,2020-03-23,5,3,8.88,6.31,6.53,12
TRID_28080,CID_5997,2020-01-13,6,3,10.4,6.41,3.15,7
TRID_17477,CID_7372,2020-01-09,13,3,13.36,7.51,5.68,13
TRID_63546,CID_5164,2020-03-14,5,4,8.32,8.14,8.25,16
TRID_37030,CID_14041,2020-03-01,16,2,17.68,4.77,7.72,15
TRID_30146,CID_7900,2020-01-29,6,2,6.4,4.82,3.37,7
TRID_13081,CID_5232,2020-02-23,4,4,12.16,8.51,5.53,10
TRID_98374,CID_5745,2020-02-12,6,3,16.48,7.16,5.05,11
TRID_10775,CID_12217,2020-01-02,4,1,4.64,3.34,5.76,11
TRID_15014,CID_7353,2020-02-25,9,4,10.96,8.44,2.48,6
TRID_37935,CID_13632,2020-01-29,6,4,29.04,9.36,9.53,18
TRID_97634,CID_9085,2020-03-13,13,3,16.64,7.74,4.54,8
TRID_90192,CID_7734,2020-03-26,7,3,9.76,6.97,7.58,14
TRID_50740,CID_9359,2020-03-28,2,2,6.56,5.76,3.26,7
TRID_41001,CID_5720,2020-02-19,6,3,19.28,6.41,6.92,14
TRID_23739,CID_6736,2020-01-04,7,3,10.72,7.98,5.72,11
TRID_21599,CID_13901,2020-02-22,3,3,7.68,7.58,7.06,15
TRID_42144,CID_9280,2020-03-13,4,3,10.8,7.73,4.77,8
TRID_49291,CID_5820,2020-03-12,8,5,30.8,11.23,8.39,15
TRID_33476,CID_7944,2020-01-17,3,3,12.48,7.87,7.42,14
TRID_4036,CID_13281,2020-02-13,3,1,14.32,3.14,6.89,14
TRID_85113,CID_14249,2020-01-11,2,1,9.2,3.67,7.46,13
TRID_78164,CID_7896,2020-01-23,7,2,24.88,5.52,2.48,7
TRID_42807,CID_5497,2020-03-26,2,1,15.44,2.89,4.11,7
TRID_37810,CID_7655,2020-01-20,5,4,12.08,9.26,5.74,11
TRID_83346,CID_5290,2020-01-27,3,3,16.32,6.34,3.03,7
TRID_62664,CID_8799,2020-02-07,2,1,14.24,3.86,1.06,4
TRID_87470,CID_6778,2020-01-30,7,3,17.28,6.97,6.44,13
TRID_45851,CID_8408,2020-03-29,7,3,7.84,6.23,5.43,11
TRID_59340,CID_11030,2020-01-24,2,2,6.88,5.3,6.05,11
TRID_39825,CID_13365,2020-03-22,3,2,10.88,5.28,5.02,9
TRID_42586,CID_10012,2020-01-07,3,2,20.4,4.14,5.38,11
TRID_14686,CID_6315,2020-01-05,17,4,13.2,8.72,5.36,11
TRID_88298,CID_10021,2020-01-21,6,3,9.44,7.29,5.55,12
TRID_32405,CID_12605,2020-02-17,3,3,7.04,6.71,7.24,14
TRID_65660,CID_11650,2020-01-27,3,3,14.32,6.76,6.53,13
TRID_18712,CID_12013,2020-01-25,4,3,11.92,6.01,6.48,13
TRID_9218,CID_14448,2020-03-10,6,3,12.48,6.65,4.48,9
TRID_80993,CID_11054,2020-01-16,4,2,18.08,4.85,6.47,12
TRID_58598,CID_9873,2020-01-18,3,3,14.72,6.61,9.31,17
TRID_46494,CID_7085,2020-01-10,9,4,12.0,9.22,7.59,14
TRID_77173,CID_14531,2020-03-02,4,3,12.0,6.0,5.26,10
TRID_90318,CID_6332,2020-02-24,8,2,5.36,5.23,5.94,13
TRID_97033,CID_10665,2020-01-31,5,4,16.96,9.27,5.11,10
TRID_4437,CID_8635,2020-01-24,4,2,9.6,5.63,9.36,17
TRID_63768,CID_6431,2020-02-10,4,2,7.28,5.94,9.49,18
TRID_1141,CID_12693,2020-01-31,5,3,7.12,6.73,6.55,13
TRID_31235,CID_6295,2020-03-23,5,3,12.48,7.37,5.61,10
TRID_66820,CID_11353,2020-01-15,14,2,17.68,4.25,7.04,14
TRID_30263,CID_10571,2020-03-19,4,2,6.48,5.66,8.28,17
TRID_56034,CID_13178,2020-02-10,10,3,9.12,7.15,3.16,7
TRID_22985,CID_5039,2020-01-26,7,2,31.04,4.77,2.92,7
TRID_23867,CID_7998,2020-03-19,3,3,13.44,6.52,7.6,16
TRID_13642,CID_5959,2020-03-09,5,3,10.56,7.28,7.09,14
TRID_47348,CID_12999,2020-01-23,4,3,8.8,7.05,5.52,10
TRID_5615,CID_5027,2020-03-17,5,3,12.8,6.9,8.19,15
TRID_89382,CID_13655,2020-02-03,6,3,12.8,6.96,3.07,7
TRID_63507,CID_14589,2020-01-01,5,4,12.88,9.22,5.12,10
TRID_91206,CID_7024,2020-01-14,7,5,14.08,10.64,4.38,10
TRID_96664,CID_10715,2020-02-03,6,2,24.24,5.62,6.59,12
TRID_25899,CID_10729,2020-03-21,5,3,7.6,6.96,4.83,9
TRID_61046,CID_6899,2020-02-29,7,4,17.36,9.54,5.89,12
TRID_82904,CID_14064,2020-02-26,4,3,15.2,7.41,9.93,19
TRID_40092,CID_6061,2020-02-11,8,2,10.16,4.14,9.25,20
TRID_2793,CID_10782,2020-01-14,5,3,10.4,7.61,2.68,7
TRID_80175,CID_5232,2020-03-04,4,4,17.84,8.34,6.41,13
TRID_73026,CID_12206,2020-02-29,11,3,20.08,6.72,4.05,8
TRID_39034,CID_6255,2020-02-16,5,4,13.28,9.02,7.6,15
TRID_25105,CID_11106,2020-03-17,4,4,12.4,8.11,6.02,14
TRID_62626,CID_11904,2020-03-23,4,4,20.56,8.33,7.03,13
TRID_92301,CID_11847,2020-01-03,5,5,12.4,10.16,6.66,12
TRID_20781,CID_7405,2020-01-01,5,2,13.6,5.74,5.39,11
TRID_73485,CID_9031,2020-01-02,5,2,22.08,5.38,5.65,12
TRID_87789,CID_13777,2020-02-04,4,3,17.6,6.28,5.66,11
TRID_64204,CID_8893,2020-02-03,5,4,10.96,8.16,6.61,12
TRID_56314,CID_14067,2020-01-19,3,2,19.36,5.81,5.12,10
TRID_65389,CID_13484,2020-01-18,10,3,6.96,6.67,6.64,13
TRID_13177,CID_6213,2020-02-05,8,4,31.2,8.97,7.53,14
TRID_99544,CID_14542,2020-03-06,6,3,27.2,7.83,3.98,8
TRID_1959,CID_12429,2020-03-14,4,3,17.92,7.7,6.06,11
TRID_83053,CID_7585,2020-02-12,5,3,8.08,6.93,7.08,14
TRID_28134,CID_7965,2020-01-17,4,4,11.44,8.42,5.65,11
TRID_58387,CID_5456,2020-02-29,3,2,8.88,4.79,3.81,8
TRID_40306,CID_11560,2020-02-03,3,3,7.92,7.31,5.27,11
TRID_73006,CID_10226,2020-03-06,5,4,10.96,9.28,3.88,9
TRID_16536,CID_14777,2020-03-07,5,4,16.72,9.21,5.51,10
TRID_5176,CID_8718,2020-01-27,15,4,9.44,9.04,7.99,16
TRID_30227,CID_11632,2020-02-04,6,4,19.04,8.64,9.16,17
TRID_36201,CID_8351,2020-03-10,11,3,13.52,7.7,5.06,11
TRID_62603,CID_14650,2020-03-22,4,3,10.8,7.35,6.52,14
TRID_85106,CID_6892,2020-01-22,4,4,17.92,9.01,5.61,11
TRID_26773,CID_10995,2020-03-12,6,3,13.84,7.53,4.81,11
TRID_66015,CID_9873,2020-01-28,11,4,17.52,8.69,3.85,8
TRID_61648,CID_8501,2020-02-15,19,3,21.76,6.22,5.95,11
TRID_68316,CID_14066,2020-02-01,6,3,7.68,7.6,5.64,13
TRID_78934,CID_10650,2020-02-13,4,3,9.2,6.93,4.68,10
TRID_59708,CID_5164,2020-03-10,4,3,11.92,6.22,3.19,7
TRID_82485,CID_10887,2020-03-17,4,3,8.8,7.52,4.43,9
TRID_95763,CID_12636,2020-02-05,7,4,14.96,9.86,2.34,5
TRID_71596,CID_12217,2020-02-28,5,3,19.68,7.2,4.52,9
TRID_83106,CID_6126,2020-01-17,4,4,10.4,9.72,3.25,8
TRID_67033,CID_8750,2020-01-07,2,2,14.72,4.29,7.5,15
TRID_98505,CID_6028,2020-03-30,6,4,18.0,9.79,3.98,10
TRID_43164,CID_7950,2020-03-14,3,3,8.16,7.64,4.9,11
TRID_32359,CID_14028,2020-02-17,5,3,11.28,7.87,4.4,9
TRID_72184,CID_11862,2020-02-03,6,2,7.52,5.72,5.2,11
TRID_4562,CID_5457,2020-02-18,8,4,28.8,8.96,7.49,14
TRID_47436,CID_6080,2020-01-03,7,4,21.04,8.92,7.23,14
TRID_60290,CID_7836,2020-01-11,4,2,21.68,5.78,2.84,6
TRID_8192,CID_6259,2020-01-03,3,2,11.6,4.92,7.09,14
TRID_80358,CID_12375,2020-03-17,4,2,7.12,5.09,7.67,16
TRID_91446,CID_14842,2020-02-29,5,1,7.6,3.9,5.62,12
TRID_32933,CID_10786,2020-03-12,20,5,16.96,10.31,7.06,15
TRID_70517,CID_12524,2020-03-09,6,4,13.84,9.55,6.09,12
TRID_38614,CID_11793,2020-03-18,6,3,16.48,7.66,3.97,7
TRID_69299,CID_6720,2020-03-31,5,3,10.4,6.43,6.41,13
TRID_47191,CID_8236,2020-03-24,4,2,5.68,4.49,5.37,12
TRID_66578,CID_7459,2020-03-10,5,3,14.48,7.48,4.03,10
TRID_29552,CID_11491,2020-01-25,7,4,13.92,8.22,6.12,12
TRID_14947,CID_13042,2020-01-14,6,3,8.32,7.34,6.99,14
TRID_54172,CID_11310,2020-03-05,12,3,14.08,6.25,7.79,17
TRID_94753,CID_13243,2020-03-01,3,3,21.92,6.81,2.93,7
TRID_29291,CID_14445,2020-03-12,4,2,14.08,5.6,6.26,13
TRID_79224,CID_9860,2020-02-08,3,3,27.04,7.24,3.73,8
TRID_71099,CID_13379,2020-03-05,12,3,22.64,7.03,7.26,13
TRID_19373,CID_9009,2020-03-19,7,5,16.0,10.25,4.44,9
TRID_74718,CID_8675,2020-03-26,6,3,13.28,7.04,2.46,5
TRID_77128,CID_5959,2020-02-23,6,4,10.0,8.23,6.51,13
TRID_19088,CID_9196,2020-02-23,2,1,16.8,3.85,5.92,11
TRID_15003,CID_11805,2020-01-24,4,1,11.52,3.43,5.65,11
TRID_26698,CID_13509,2020-01-16,3,3,8.32,6.8,6.09,13
TRID_43437,CID_6595,2020-01-16,6,4,13.04,8.89,3.55,8
TRID_54420,CID_14209,2020-03-21,5,3,9.68,7.81,2.83,7
TRID_73885,CID_8841,2020-01-21,9,2,8.16,4.75,9.68,17
TRID_66305,CID_9567,2020-03-15,4,4,13.44,8.42,4.59,11
TRID_97917,CID_7246,2020-03-11,4,3,13.44,6.6,2.96,6
TRID_95939,CID_8887,2020-02-07,8,2,8.24,5.02,3.7,7
TRID_20255,CID_9389,2020-01-15,8,3,9.12,6.67,4.79,10
TRID_49268,CID_5375,2020-02-19,14,4,11.44,9.92,3.05,5
TRID_13262,CID_10544,2020-01-20,5,2,11.6,5.88,7.9,16
TRID_19064,CID_9285,2020-03-10,11,4,9.2,8.04,4.28,11
TRID_57655,CID_12845,2020-02-04,11,4,12.56,8.05,5.1,11
TRID_45016,CID_10149,2020-01-06,7,3,10.64,7.43,9.33,18
TRID_78354,CID_5400,2020-01-29,3,3,10.56,6.08,5.64,11
TRID_52400,CID_9490,2020-01-21,4,2,19.76,5.65,7.05,15
TRID_45589,CID_9885,2020-02-27,19,3,23.04,6.62,3.54,6
TRID_91526,CID_9248,2020-01-16,3,2,11.04,5.84,4.68,10
TRID_26650,CID_13679,2020-02-14,3,3,15.92,7.31,4.95,12
TRID_30941,CID_13724,2020-03-21,3,3,33.04,6.75,6.71,14
TRID_57703,CID_7441,2020-02-27,7,3,20.08,7.49,6.95,13
TRID_43360,CID_10992,2020-01-23,4,3,12.0,6.3,5.49,9
TRID_19594,CID_8702,2020-03-29,4,4,9.36,9.17,7.53,14
TRID_39776,CID_11327,2020-03-24,3,3,9.04,7.08,5.57,11
TRID_71931,CID_12445,2020-01-02,4,4,11.76,9.3,6.29,12
TRID_43331,CID_10549,2020-02-24,4,2,7.68,4.68,4.99,10
TRID_54929,CID_6464,2020-03-25,2,2,8.88,4.63,4.9,10
TRID_6491,CID_5966,2020-01-24,5,4,29.76,8.29,2.08,5
TRID_8085,CID_7385,2020-01-01,7,4,27.36,8.4,5.77,11
TRID_53326,CID_13466,2020-01-31,11,4,11.76,8.13,5.43,11
TRID_28359,CID_12524,2020-03-07,7,4,19.04,9.26,5.68,10
TRID_45266,CID_13745,2020-01-08,4,2,24.24,5.46,7.05,13
TRID_12548,CID_12040,2020-03-11,5,5,13.6,10.8,3.71,8
TRID_88498,CID_7185,2020-01-11,9,3,8.0,7.43,6.2,12
TRID_16560,CID_10567,2020-01-13,4,3,7.28,6.58,4.11,7
TRID_95076,CID_8704,2020-02-04,4,4,12.64,9.82,4.46,10
TRID_34825,CID_9262,2020-01-18,4,4,12.0,8.45,8.39,16
TRID_65473,CID_6326,2020-03-03,3,3,10.48,7.44,8.77,16
TRID_97707,CID_14791,2020-03-15,12,4,14.88,8.85,11.15,21
TRID_61317,CID_8476,2020-03-04,2,2,15.76,5.19,4.19,10
TRID_44909,CID_6723,2020-03-06,2,2,6.72,5.47,6.03,13
TRID_73945,CID_5394,2020-01-05,6,4,12.0,9.13,6.6,13
TRID_38208,CID_12880,2020-01-12,2,2,12.24,4.93,7.66,15
TRID_78430,CID_5740,2020-03-25,7,4,15.04,8.07,3.66,6
TRID_90577,CID_14024,2020-01-06,4,1,9.28,3.48,4.51,9
TRID_4623,CID_11429,2020-02-03,5,3,8.64,7.75,5.61,12
TRID_12535,CID_12561,2020-03-02,6,3,10.56,6.78,8.09,15
TRID_77150,CID_6600,2020-03-20,10,4,8.48,8.18,8.25,17
TRID_938,CID_13333,2020-01-23,7,3,21.28,7.19,7.19,14
TRID_50467,CID_12058,2020-02-10,3,3,7.2,7.06,5.57,11
TRID_76386,CID_11246,2020-01-08,5,3,9.6,7.4,6.85,12
TRID_26269,CID_13168,2020-01-07,4,3,17.28,6.77,5.62,12
TRID_55164,CID_12424,2020-01-10,6,2,10.88,5.45,7.21,14
TRID_33565,CID_13781,2020-03-09,3,3,8.0,6.03,9.98,18
TRID_43445,CID_12003,2020-02-02,14,3,14.0,6.7,4.68,10
TRID_14499,CID_12740,2020-01-09,6,4,23.76,8.5,3.37,9
TRID_22923,CID_10649,2020-01-29,5,2,11.52,5.49,5.26,11
TRID_23481,CID_13236,2020-01-05,7,4,11.52,8.02,7.64,16
TRID_12142,CID_12575,2020-03-25,11,4,12.0,8.46,6.57,14
TRID_18434,CID_11369,2020-01-02,3,3,7.28,6.67,4.98,11
TRID_51193,CID_14606,2020-02-16,5,3,7.52,6.54,6.72,12
TRID_77861,CID_8546,2020-01-16,5,4,16.48,9.32,4.93,10
TRID_9966,CID_5637,2020-03-08,5,5,32.64,10.28,5.31,11
TRID_78229,CID_5857,2020-03-09,5,5,18.16,11.97,9.05,17
TRID_56678,CID_9433,2020-03-23,18,4,11.44,8.37,4.01,8
TRID_73127,CID_11691,2020-02-13,7,4,14.4,8.01,5.82,12
TRID_13657,CID_10656,2020-02-18,6,3,8.48,7.26,4.23,8
TRID_20393,CID_6460,2020-03-26,5,4,20.16,8.74,8.53,18
TRID_33355,CID_6874,2020-02-17,5,3,34.64,7.19,5.17,10
TRID_56440,CID_11368,2020-01-13,4,4,12.32,8.59,6.6,13
TRID_53576,CID_14459,2020-02-24,4,4,11.04,8.07,6.64,14
TRID_16485,CID_13886,2020-02-09,5,2,10.56,4.13,5.98,11
TRID_22744,CID_10805,2020-02-14,5,2,10.64,5.78,5.58,13
TRID_72231,CID_6947,2020-02-22,5,4,14.0,8.1,5.44,12
TRID_74445,CID_12418,2020-03-03,9,5,14.88,10.19,6.14,14
TRID_18954,CID_8090,2020-01-28,3,2,18.08,4.28,10.01,18
TRID_16453,CID_11788,2020-01-01,4,3,10.88,7.01,7.16,14
TRID_19519,CID_8548,2020-01-18,2,2,11.68,5.15,5.32,11
TRID_35290,CID_9648,2020-02-05,10,6,34.72,13.34,6.72,14
TRID_11999,CID_10931,2020-02-08,4,3,6.8,6.56,6.16,13
TRID_87906,CID_12402,2020-02-12,6,4,14.96,9.16,3.93,7
TRID_64635,CID_8406,2020-02-09,11,4,20.64,8.05,8.46,17
TRID_43405,CID_5293,2020-02-11,12,3,7.68,6.6,4.94,10
TRID_88244,CID_5793,2020-03-13,4,3,8.16,6.97,7.24,15
TRID_16822,CID_9487,2020-01-21,5,4,9.52,8.65,4.69,8
TRID_44655,CID_7838,2020-01-16,5,2,5.92,4.74,2.44,6
TRID_77503,CID_12389,2020-01-29,2,1,20.96,3.16,5.69,11
TRID_11070,CID_6303,2020-03-16,6,4,11.04,8.41,5.29,11
TRID_20889,CID_12228,2020-02-19,3,3,12.88,7.01,5.74,13
TRID_1202,CID_11909,2020-01-18,6,2,12.96,4.65,5.93,11
TRID_81020,CID_14185,2020-03-29,3,3,8.16,6.8,4.67,10
TRID_8852,CID_5360,2020-02-24,6,4,11.6,8.57,5.82,12
TRID_98066,CID_13330,2020-01-19,0,0,4.8,1.22,5.35,11
TRID_79599,CID_11169,2020-01-02,6,3,7.68,7.53,4.57,9
TRID_25866,CID_7826,2020-01-24,4,4,18.8,8.39,5.63,12
TRID_92014,CID_14753,2020-01-26,6,1,6.72,2.93,7.95,16
TRID_69170,CID_13431,2020-03-11,10,4,14.72,8.58,6.93,14
TRID_92346,CID_14281,2020-02-06,9,5,16.56,10.6,3.18,8
TRID_26084,CID_7361,2020-02-19,5,4,16.0,8.35,2.73,5
TRID_47284,CID_13037,2020-03-21,4,4,14.32,8.16,5.34,11
TRID_76404,CID_10128,2020-02-16,5,4,12.24,8.97,7.31,14
TRID_14203,CID_11659,2020-01-14,5,4,15.6,8.48,4.58,10
TRID_19932,CID_12166,2020-02-05,10,5,11.52,10.62,6.27,13
TRID_54993,CID_8832,2020-01-30,3,2,10.48,5.38,7.35,14
TRID_14251,CID_5819,2020-02-22,5,3,21.52,7.14,6.81,13
TRID_80767,CID_11727,2020-03-22,2,2,7.2,5.76,7.65,17
TRID_66157,CID_12313,2020-01-13,9,6,13.52,12.14,4.49,10
TRID_4818,CID_9874,2020-03-17,8,3,18.0,6.51,7.31,15
TRID_26136,CID_13640,2020-01-31,6,4,15.44,8.78,6.35,13
TRID_30796,CID_13045,2020-02-01,4,4,22.4,8.33,7.9,15
TRID_90320,CID_14905,2020-02-12,7,3,12.32,6.07,9.02,18
TRID_35985,CID_5224,2020-02-01,7,2,15.76,5.51,3.24,8
TRID_25996,CID_6220,2020-03-29,5,3,14.72,6.01,2.23,4
TRID_31495,CID_6435,2020-02-16,4,4,12.64,9.81,4.79,9
TRID_94360,CID_14262,2020-03-17,7,4,21.04,8.33,5.34,11
TRID_71863,CID_7193,2020-02-03,8,3,9.2,7.08,3.38,8
TRID_977,CID_13725,2020-01-01,7,4,27.36,8.49,2.79,6
TRID_55086,CID_12033,2020-01-23,6,3,15.68,7.43,3.81,8
TRID_49873,CID_12722,2020-01-05,5,5,15.68,11.59,4.99,10
TRID_34042,CID_5718,2020-01-03,5,5,11.84,11.65,5.82,13
TRID_22298,CID_7459,2020-01-15,13,3,16.08,6.43,7.42,15
TRID_92503,CID_11214,2020-03-14,6,1,6.16,2.96,9.31,17
TRID_70364,CID_12228,2020-01-22,4,3,22.16,6.8,6.01,13
TRID_52561,CID_7109,2020-02-02,3,0,1.76,1.69,2.49,6
TRID_36328,CID_13194,2020-03-04,3,2,27.84,4.46,3.37,7
TRID_24292,CID_9874,2020-02-14,3,3,11.68,6.72,8.59,15
TRID_28061,CID_10965,2020-01-18,5,2,13.92,5.42,7.53,15
TRID_23467,CID_10229,2020-01-30,4,3,10.96,6.12,5.31,11
TRID_97015,CID_14690,2020-01-09,3,3,7.36,6.26,3.66,9
TRID_98018,CID_10660,2020-01-01,3,2,26.96,5.96,6.04,11
TRID_63533,CID_7757,2020-02-20,8,4,15.52,9.76,7.5,14
TRID_8642,CID_9547,2020-02-10,11,4,17.28,9.4,4.86,9
TRID_73444,CID_12998,2020-01-12,7,2,4.96,4.06,4.78,9
TRID_32333,CID_11868,2020-03-07,5,3,21.12,7.81,6.09,13
TRID_9299,CID_6406,2020-02-09,4,3,12.96,7.22,7.83,15
TRID_865,CID_7720,2020-01-23,10,5,11.12,10.41,4.65,11
TRID_84375,CID_10296,2020-01-16,6,4,16.48,8.78,5.47,10
TRID_73947,CID_14235,2020-01-15,7,3,17.36,7.26,8.09,15
TRID_87629,CID_10203,2020-01-05,11,1,9.28,3.26,3.91,8
TRID_46161,CID_11650,2020-02-28,6,3,25.04,7.85,4.34,9
TRID_47546,CID_12217,2020-02-01,10,5,12.08,11.07,6.84,13
TRID_5045,CID_5670,2020-02-24,6,5,18.32,11.22,7.48,15
TRID_17257,CID_12557,2020-02-17,6,2,6.8,5.69,4.92,10
TRID_33632,CID_12394,2020-02-15,3,2,25.92,5.68,7.71,15
TRID_69251,CID_12756,2020-03-13,3,2,6.4,5.72,7.48,15
TRID_96982,CID_6143,2020-02-15,6,4,21.2,8.7,6.21,12
TRID_25745,CID_10324,2020-01-03,4,3,10.96,7.21,4.19,9
TRID_80747,CID_10800,2020-01-20,6,4,9.36,8.04,8.49,16
TRID_49239,CID_7534,2020-03-15,5,4,15.2,9.01,7.54,14
TRID_95919,CID_7506,2020-02-16,6,4,11.36,9.1,7.97,14
TRID_84870,CID_6098,2020-03-17,8,4,14.24,9.33,6.06,12
TRID_90824,CID_5976,2020-03-03,6,4,16.88,9.76,7.97,15
TRID_83519,CID_10100,2020-03-03,2,1,10.72,3.93,6.58,14
TRID_42618,CID_11136,2020-03-13,5,4,13.28,8.63,7.03,13
TRID_18008,CID_7276,2020-03-03,3,3,11.6,7.51,7.14,15
TRID_50515,CID_9860,2020-02-02,6,4,15.28,8.27,4.02,9
TRID_79742,CID_7624,2020-03-19,4,2,21.52,5.58,2.75,7
TRID_26839,CID_13071,2020-01-19,9,3,7.68,7.55,6.37,11
TRID_98773,CID_13254,2020-03-27,6,2,8.64,5.89,4.7,9
TRID_51708,CID_12013,2020-01-31,4,4,9.92,8.12,8.4,16
TRID_44271,CID_14001,2020-03-30,6,3,20.72,7.4,5.28,11
TRID_426,CID_14720,2020-01-11,6,3,27.44,6.91,3.95,8
TRID_70075,CID_8915,2020-02-27,7,3,10.24,7.93,4.75,10
TRID_40494,CID_7114,2020-01-08,7,3,14.96,7.64,4.99,10
TRID_29200,CID_12845,2020-01-07,2,2,12.24,5.5,7.29,16
TRID_21976,CID_12074,2020-01-27,4,4,18.56,8.44,5.37,10
TRID_79019,CID_6385,2020-01-05,6,4,19.68,9.74,5.61,11
TRID_98936,CID_10806,2020-03-04,4,4,18.0,8.14,4.12,9
TRID_31469,CID_10563,2020-02-01,4,4,20.96,8.35,7.53,14
TRID_41812,CID_7385,2020-03-27,4,3,14.16,7.24,3.28,7
TRID_51194,CID_14466,2020-01-10,2,2,23.36,5.41,5.07,10
TRID_91746,CID_7276,2020-03-18,5,3,27.6,7.26,2.72,6
TRID_80330,CID_10192,2020-03-07,4,4,14.48,8.58,3.64,8
TRID_47820,CID_12487,2020-02-06,9,3,9.04,7.24,5.43,11
TRID_79983,CID_7998,2020-03-21,11,4,20.96,9.02,5.02,10
TRID_5598,CID_14241,2020-03-09,6,2,17.36,5.77,2.78,7
TRID_26092,CID_9502,2020-03-01,5,4,11.12,8.2,7.62,14
TRID_84378,CID_6563,2020-01-03,7,4,13.04,9.36,7.03,14
TRID_44914,CID_14869,2020-02-25,4,3,12.64,6.54,5.27,11
TRID_69441,CID_7950,2020-03-25,5,3,18.4,7.25,7.74,15
TRID_38732,CID_11618,2020-01-13,2,2,11.12,5.83,7.57,15
TRID_26729,CID_7585,2020-01-31,5,4,9.6,8.07,6.67,13
TRID_32312,CID_5604,2020-03-06,5,3,12.24,6.86,5.04,11
TRID_83986,CID_8716,2020-01-08,5,3,8.56,7.08,7.01,15
TRID_79526,CID_12142,2020-01-22,4,4,15.52,9.33,5.11,11
TRID_49935,CID_13437,2020-03-21,12,3,12.96,7.55,3.49,8
TRID_81498,CID_8108,2020-02-29,3,3,11.52,7.6,6.65,13
TRID_31872,CID_7734,2020-02-22,4,4,9.68,8.03,4.41,9
TRID_82190,CID_10766,2020-02-16,5,2,8.0,5.58,7.0,13
TRID_13148,CID_14364,2020-01-29,7,4,16.56,8.98,3.53,8
TRID_72609,CID_8155,2020-03-11,3,3,13.68,7.74,6.85,14
TRID_73543,CID_12488,2020-01-31,3,3,7.84,7.4,3.78,8
TRID_18060,CID_13576,2020-02-28,2,2,18.88,4.66,6.14,13
TRID_64859,CID_6303,2020-02-08,5,5,19.44,10.22,5.8,12
TRID_4847,CID_13527,2020-01-19,5,1,18.64,3.78,1.56,4
TRID_8903,CID_10532,2020-03-06,4,2,20.48,5.51,10.1,18
TRID_44734,CID_13707,2020-02-19,5,4,15.52,8.27,10.04,19
TRID_33210,CID_13984,2020-01-13,4,4,9.36,8.54,7.2,14
TRID_24505,CID_6025,2020-03-12,8,3,10.16,7.63,5.1,11
TRID_82211,CID_11353,2020-02-04,5,5,31.12,10.16,5.45,11
TRID_26464,CID_9951,2020-03-27,3,2,8.88,5.43,5.09,11
TRID_82117,CID_10465,2020-02-29,4,3,20.16,6.2,7.75,14
TRID_71421,CID_8813,2020-02-25,5,2,12.96,5.46,5.73,11
TRID_38171,CID_10416,2020-01-10,2,2,13.6,5.91,7.08,14
TRID_64831,CID_6416,2020-01-09,4,3,9.28,7.53,8.18,17
TRID_78448,CID_7698,2020-01-11,5,5,16.88,10.57,6.82,14
TRID_65143,CID_14769,2020-01-05,7,3,11.68,7.48,4.11,10
TRID_86249,CID_8185,2020-02-13,8,4,14.32,9.02,5.08,9
TRID_45887,CID_12115,2020-01-09,4,4,10.16,8.97,5.69,11
TRID_52424,CID_14133,2020-03-18,6,3,20.4,6.57,3.46,8
TRID_43296,CID_5637,2020-02-14,7,5,20.32,11.08,5.7,11
TRID_50969,CID_11653,2020-03-29,8,2,19.28,5.69,2.87,7
TRID_18594,CID_9376,2020-01-31,5,4,11.12,8.24,6.51,12
TRID_60430,CID_11517,2020-03-04,2,2,12.64,4.22,7.98,16
TRID_20460,CID_11411,2020-01-15,9,4,10.88,9.67,2.71,6
TRID_84873,CID_8149,2020-02-17,4,3,10.16,7.83,4.82,11
TRID_13414,CID_7337,2020-01-04,2,2,22.0,5.17,4.89,10
TRID_17910,CID_13033,2020-03-27,3,2,24.16,4.41,6.69,13
TRID_10876,CID_13819,2020-03-14,4,4,15.92,8.12,6.94,14
TRID_41554,CID_14796,2020-02-13,4,4,13.68,8.49,4.38,8
TRID_91513,CID_12077,2020-03-05,7,4,18.48,8.69,6.97,13
TRID_52805,CID_12348,2020-03-10,6,3,9.76,7.05,9.97,19
TRID_89099,CID_14255,2020-02-24,6,4,10.64,9.77,5.22,10
TRID_63509,CID_5588,2020-02-27,2,2,9.92,4.05,4.29,9
TRID_48210,CID_14555,2020-01-18,6,4,15.12,8.01,9.23,18
TRID_43434,CID_6315,2020-01-31,5,3,13.76,6.78,7.3,15
TRID_38720,CID_13070,2020-02-08,3,2,18.08,5.04,5.03,10
TRID_37204,CID_7958,2020-02-26,3,2,14.88,5.64,4.75,10
TRID_9323,CID_7097,2020-01-14,10,2,11.52,5.47,8.69,18
TRID_75688,CID_8500,2020-02-09,10,3,7.36,7.08,6.13,10
TRID_30423,CID_6326,2020-02-13,10,4,11.2,8.1,6.95,14
TRID_29988,CID_9018,2020-01-12,15,1,17.04,3.87,8.28,16
TRID_7349,CID_10145,2020-03-23,4,3,12.48,7.17,7.33,14
TRID_29830,CID_14785,2020-02-25,9,4,9.68,8.32,5.69,11
TRID_74869,CID_8950,2020-03-07,5,3,7.84,7.4,9.58,18
TRID_51057,CID_8279,2020-02-20,8,1,11.28,3.26,4.58,9
TRID_6108,CID_10860,2020-03-26,3,2,22.96,5.87,3.88,10
TRID_8279,CID_8546,2020-02-10,8,5,20.16,10.89,2.24,7
TRID_98363,CID_12744,2020-03-09,11,2,8.56,5.93,4.69,11
TRID_96450,CID_13077,2020-03-11,4,2,15.52,5.88,8.07,15
TRID_22739,CID_13093,2020-03-23,7,3,8.4,7.51,1.19,4
TRID_17760,CID_8162,2020-02-18,3,2,5.84,4.62,3.33,8
TRID_63250,CID_9226,2020-02-10,12,3,16.64,7.66,5.11,10
TRID_12525,CID_7434,2020-02-27,5,3,10.72,6.95,8.17,17
TRID_96187,CID_13934,2020-03-18,5,3,6.88,6.45,8.32,17
TRID_44361,CID_7269,2020-02-12,5,3,16.88,7.48,5.43,12
TRID_18681,CID_12118,2020-01-21,7,3,9.28,7.02,3.69,9
TRID_42099,CID_12476,2020-01-30,7,3,20.64,6.27,6.22,13
TRID_61984,CID_5688,2020-02-12,4,3,11.92,6.3,2.3,6
TRID_91495,CID_7864,2020-01-13,4,2,8.8,5.44,4.69,8
TRID_16318,CID_7897,2020-02-07,3,3,18.48,6.95,5.77,12
TRID_74,CID_5684,2020-03-11,4,3,9.76,7.96,7.53,14
TRID_78957,CID_8799,2020-03-27,7,5,23.44,10.62,3.65,8
TRID_84276,CID_7084,2020-01-31,5,0,6.96,1.71,2.94,7
TRID_61953,CID_12347,2020-03-24,7,3,25.36,6.62,5.13,10
TRID_38642,CID_10544,2020-03-07,5,4,16.4,9.13,5.75,11
TRID_79068,CID_14024,2020-02-28,5,3,11.2,6.52,4.75,9
TRID_75724,CID_7784,2020-03-03,6,2,17.04,4.28,4.72,11
TRID_79291,CID_8623,2020-01-25,3,3,9.12,7.8,4.58,8
TRID_19748,CID_7324,2020-01-09,4,1,14.72,3.98,6.04,12
TRID_35133,CID_6598,2020-02-12,7,4,17.2,9.28,8.13,16
TRID_39756,CID_11028,2020-02-17,5,4,20.48,9.47,4.91,12
TRID_80983,CID_11452,2020-02-01,4,3,16.0,6.33,7.7,14
TRID_75573,CID_14606,2020-03-28,10,4,14.0,8.46,4.13,9
TRID_5451,CID_11672,2020-03-17,4,3,7.36,6.02,7.82,14
TRID_55506,CID_14135,2020-02-28,5,1,6.88,3.51,5.22,10
TRID_91073,CID_10709,2020-02-29,3,2,17.12,5.0,3.5,8
TRID_43949,CID_10317,2020-01-10,4,3,13.84,6.46,6.24,11
TRID_2568,CID_8764,2020-01-18,8,4,12.96,9.99,7.78,14
TRID_57428,CID_10132,2020-01-19,8,1,17.76,3.37,6.65,14
TRID_31418,CID_13069,2020-02-13,5,3,7.52,7.13,7.44,13
TRID_79420,CID_7869,2020-01-29,7,2,15.12,4.13,7.73,15
TRID_17051,CID_8813,2020-01-22,3,2,24.16,5.58,3.1,7
TRID_63263,CID_14004,2020-01-28,4,4,15.12,8.56,5.01,11
TRID_34902,CID_12411,2020-03-07,7,4,16.72,8.99,5.58,12
TRID_11499,CID_13369,2020-02-14,4,2,7.68,5.26,6.5,14
TRID_75675,CID_7441,2020-01-15,10,4,8.48,8.04,3.61,7
TRID_64315,CID_10836,2020-02-10,5,2,5.76,4.96,5.18,10
TRID_31257,CID_7736,2020-02-18,4,3,17.44,6.47,8.41,18
TRID_66894,CID_11176,2020-01-03,5,4,14.08,9.29,3.3,7
TRID_98615,CID_5293,2020-02-23,5,2,6.64,4.05,8.45,15
TRID_52158,CID_9342,2020-02-01,11,3,12.56,7.94,8.52,16
TRID_77462,CID_6593,2020-02-24,8,4,11.44,8.55,5.92,13
TRID_77091,CID_11297,2020-01-05,12,4,38.4,8.49,6.35,13
TRID_54326,CID_8831,2020-03-20,2,2,19.12,5.53,4.38,10
TRID_44978,CID_7265,2020-01-29,3,3,13.52,7.39,4.12,8
TRID_82943,CID_8368,2020-02-26,3,2,13.04,4.42,4.65,9
TRID_5331,CID_5975,2020-03-13,5,4,19.2,9.48,4.73,10
TRID_6396,CID_14705,2020-03-26,2,2,7.28,4.85,4.5,11
TRID_33302,CID_11889,2020-02-06,8,4,15.92,8.21,5.63,11
TRID_44663,CID_6198,2020-01-28,5,4,13.2,9.81,2.45,8
TRID_26921,CID_13372,2020-01-31,5,5,15.84,11.6,7.87,16
TRID_42113,CID_12375,2020-02-06,4,2,34.56,5.92,6.53,14
TRID_29492,CID_9247,2020-02-24,3,3,7.6,7.46,5.29,11
TRID_58380,CID_12329,2020-03-30,5,4,10.08,9.55,5.64,13
TRID_76535,CID_14273,2020-03-20,8,3,24.8,6.68,7.26,14
TRID_87413,CID_10111,2020-02-05,12,4,11.44,8.79,5.49,13
TRID_32248,CID_8909,2020-02-26,4,3,7.52,7.13,3.08,6
TRID_68841,CID_14173,2020-01-08,5,1,2.56,2.35,5.9,12
TRID_74895,CID_5246,2020-01-11,2,2,10.64,4.28,4.32,10
TRID_35347,CID_6384,2020-02-05,6,3,12.8,7.43,2.73,7
TRID_48845,CID_9970,2020-02-06,4,3,12.96,7.47,4.83,10
TRID_59995,CID_14650,2020-02-26,17,2,22.88,5.28,8.01,14
TRID_70190,CID_14523,2020-01-22,12,3,17.2,7.91,3.05,7
TRID_29512,CID_7323,2020-02-20,5,2,6.72,4.7,5.23,12
TRID_318,CID_11701,2020-03-21,4,4,16.4,8.08,7.15,14
TRID_2920,CID_13116,2020-03-09,2,2,17.28,4.85,5.05,10
TRID_6992,CID_14027,2020-03-02,8,3,34.96,7.06,6.59,15
TRID_67873,CID_5819,2020-03-17,4,3,7.36,6.06,5.94,13
TRID_81584,CID_7062,2020-03-19,5,3,14.64,7.07,5.8,12
TRID_24710,CID_12033,2020-01-03,4,2,18.08,5.49,9.09,17
TRID_38117,CID_14066,2020-03-05,4,2,11.04,5.8,2.28,6
TRID_7816,CID_6705,2020-02-20,7,3,24.32,7.34,5.68,11
TRID_68933,CID_6025,2020-02-22,2,2,9.92,5.77,6.93,14
TRID_21568,CID_13790,2020-03-12,3,3,9.04,6.14,2.24,5
TRID_64674,CID_12312,2020-03-07,5,3,13.04,7.06,3.26,8
TRID_78672,CID_8302,2020-02-10,5,3,17.92,7.2,8.06,15
TRID_8997,CID_8169,2020-02-25,5,3,7.76,6.25,4.53,9
TRID_84157,CID_10864,2020-02-24,4,3,17.6,6.18,5.74,12
TRID_63562,CID_10972,2020-01-19,6,2,8.8,4.92,5.63,11
TRID_5388,CID_7418,2020-01-06,13,5,12.96,11.29,3.63,7
TRID_90807,CID_9547,2020-01-30,12,2,7.84,5.9,8.21,17
TRID_4456,CID_13120,2020-01-29,5,3,6.64,6.46,4.65,10
TRID_67032,CID_6028,2020-01-31,10,4,16.08,8.59,8.16,17
TRID_57575,CID_5684,2020-01-20,7,4,11.44,8.86,3.53,7
TRID_91933,CID_11548,2020-03-02,12,4,10.88,9.32,6.93,14
TRID_60319,CID_6387,2020-02-02,4,4,11.6,8.31,7.04,15
TRID_35615,CID_7973,2020-03-16,8,2,14.72,5.26,4.83,10
TRID_17236,CID_13493,2020-03-29,7,3,15.44,7.94,4.59,8
TRID_11454,CID_14632,2020-03-08,11,3,16.88,7.74,1.58,4
TRID_1974,CID_8162,2020-03-24,5,2,7.6,4.22,6.23,12
TRID_42049,CID_9110,2020-01-28,6,3,19.2,7.8,6.47,13
TRID_70003,CID_9321,2020-01-18,4,2,9.76,5.02,6.01,14
TRID_37592,CID_8999,2020-03-21,5,3,20.4,7.42,6.0,11
TRID_86076,CID_12347,2020-03-28,12,4,20.32,9.15,3.38,8
TRID_50311,CID_11716,2020-02-25,5,4,13.6,8.3,8.85,17
TRID_66585,CID_9694,2020-03-13,9,4,8.56,8.17,5.92,11
TRID_47449,CID_5953,2020-02-08,6,3,12.88,7.63,4.99,11
TRID_30312,CID_8769,2020-02-16,8,3,6.8,6.52,3.8,8
TRID_57503,CID_13727,2020-02-02,3,3,26.56,6.73,4.86,11
TRID_59824,CID_10114,2020-02-06,9,3,9.12,7.58,5.77,13
TRID_90815,CID_10145,2020-02-23,3,2,14.56,4.87,4.1,8
TRID_84557,CID_10330,2020-02-29,12,3,8.24,7.43,5.66,11
TRID_36882,CID_14791,2020-01-10,8,4,17.28,8.9,5.96,14
TRID_92995,CID_7415,2020-03-30,8,2,15.6,5.93,6.09,12
TRID_44598,CID_9069,2020-01-27,5,2,18.32,4.58,4.39,9
TRID_72249,CID_9174,2020-03-13,6,4,20.0,9.43,4.1,9
TRID_81358,CID_7258,2020-03-26,6,3,8.48,7.24,4.88,10
TRID_7428,CID_11201,2020-01-25,10,4,12.0,8.69,5.22,11
TRID_29418,CID_13882,2020-03-12,7,4,10.0,8.52,4.83,10
TRID_13696,CID_10765,2020-03-09,5,3,17.76,6.13,5.95,12
TRID_54116,CID_14847,2020-03-05,2,2,7.44,4.62,4.91,10
TRID_99891,CID_7060,2020-01-21,6,3,8.32,7.19,6.24,12
TRID_47811,CID_6744,2020-01-02,3,3,7.12,7.1,8.85,17
TRID_68362,CID_5290,2020-01-06,4,3,19.44,6.66,4.08,8
TRID_40955,CID_8016,2020-03-21,2,2,12.16,5.59,7.3,14
TRID_70359,CID_12137,2020-03-13,5,4,30.88,9.23,5.7,11
TRID_25226,CID_12509,2020-02-14,5,4,11.76,8.17,4.34,9
TRID_45526,CID_9342,2020-02-13,3,3,17.36,6.8,5.14,10
TRID_69066,CID_11180,2020-03-04,6,3,40.56,7.62,3.63,8
TRID_15585,CID_13246,2020-01-09,2,2,16.64,4.88,3.95,10
TRID_73888,CID_7120,2020-01-31,4,4,24.48,8.85,4.72,11
TRID_17517,CID_9313,2020-03-17,14,4,21.76,8.61,2.26,5
TRID_2965,CID_7731,2020-03-02,4,4,18.0,8.69,6.56,14
TRID_45938,CID_13649,2020-02-22,5,3,8.88,7.21,8.11,16
TRID_905,CID_12775,2020-01-23,9,2,22.4,5.98,6.73,15
TRID_11702,CID_10079,2020-02-16,5,4,13.76,8.06,8.64,17
TRID_25078,CID_14501,2020-02-27,3,2,7.84,5.93,7.71,15
TRID_29057,CID_6706,2020-02-17,3,3,8.08,7.2,6.17,14
TRID_3924,CID_13616,2020-02-07,2,2,6.0,5.11,4.57,9
TRID_57560,CID_8631,2020-01-16,6,5,21.68,10.89,6.43,14
TRID_36110,CID_11069,2020-01-19,5,4,17.92,9.62,7.05,12
TRID_25566,CID_12217,2020-01-11,4,4,22.8,8.39,9.01,17
TRID_66292,CID_8351,2020-02-08,3,3,9.52,7.08,8.79,16
TRID_12102,CID_13914,2020-01-29,5,3,18.64,6.03,7.79,16
TRID_42228,CID_5795,2020-01-15,12,4,8.64,8.1,6.99,15
TRID_64576,CID_14520,2020-01-06,5,3,7.12,7.09,5.46,11
TRID_73933,CID_5375,2020-01-23,3,3,11.44,6.56,8.42,17
TRID_84589,CID_5806,2020-02-12,7,4,21.2,8.1,4.51,9
TRID_92552,CID_13814,2020-03-26,19,2,20.08,5.83,2.28,6
TRID_27917,CID_6672,2020-01-08,4,2,12.4,4.8,2.67,7
TRID_26697,CID_9108,2020-01-05,2,2,15.04,4.1,7.03,13
TRID_34879,CID_12033,2020-03-14,2,2,14.8,4.25,5.63,11
TRID_80617,CID_6720,2020-02-17,5,1,8.32,3.86,3.82,9
TRID_71505,CID_12926,2020-03-16,3,2,7.52,5.93,6.66,14
TRID_73557,CID_13317,2020-03-02,6,2,14.24,4.97,2.4,6
TRID_95969,CID_5046,2020-03-31,3,2,24.4,5.97,4.64,11
TRID_15928,CID_6314,2020-01-21,4,0,21.04,1.7,7.6,15
TRID_63084,CID_5314,2020-01-02,2,2,22.64,4.35,5.4,11
TRID_17001,CID_11051,2020-01-01,5,3,7.68,7.08,5.49,11
TRID_8914,CID_5943,2020-02-12,8,3,21.76,6.9,6.46,13
TRID_71651,CID_6429,2020-01-26,7,3,13.52,7.42,7.77,15
TRID_66000,CID_12299,2020-01-25,12,4,16.8,9.48,5.67,10
TRID_54797,CID_9669,2020-01-10,2,1,11.28,3.27,5.74,12
TRID_72091,CID_8057,2020-02-04,4,3,10.48,6.94,4.31,8
TRID_22661,CID_12884,2020-03-25,7,3,13.04,7.71,7.89,14
TRID_75891,CID_5475,2020-03-18,5,3,18.0,6.65,5.87,10
TRID_70721,CID_12233,2020-03-31,6,2,15.68,5.86,8.32,15
TRID_78612,CID_10294,2020-03-06,7,2,9.92,4.64,5.87,12
TRID_6615,CID_10454,2020-03-12,8,3,7.92,6.01,4.18,10
TRID_7071,CID_11934,2020-02-06,8,2,14.0,5.79,7.1,14
TRID_32334,CID_9729,2020-03-06,3,0,15.68,1.51,8.54,16
TRID_85660,CID_5352,2020-03-27,3,3,13.76,7.77,9.17,16
TRID_2995,CID_7370,2020-01-26,5,2,28.56,5.83,4.13,10
TRID_996,CID_13696,2020-02-07,2,2,7.68,5.65,4.17,9
TRID_2876,CID_7731,2020-01-23,2,2,13.52,4.08,9.06,18
TRID_45087,CID_6295,2020-01-21,5,2,9.04,5.92,5.19,10
TRID_66020,CID_7142,2020-01-07,9,1,13.28,3.44,8.36,17
TRID_39351,CID_12228,2020-01-11,5,3,12.0,6.94,7.53,16
TRID_39557,CID_8026,2020-02-04,6,1,12.16,3.96,4.75,10
TRID_95675,CID_14663,2020-02-02,5,3,12.64,6.96,8.33,16
TRID_9955,CID_9293,2020-02-18,15,3,17.76,6.22,7.61,16
TRID_93300,CID_9105,2020-03-24,2,2,14.24,4.29,2.71,5
TRID_31896,CID_12142,2020-03-20,4,1,9.6,3.87,7.09,14
TRID_81851,CID_8516,2020-02-19,3,1,6.8,3.0,6.16,11
TRID_13971,CID_9243,2020-01-19,9,3,14.72,7.69,6.73,13
TRID_72111,CID_14283,2020-03-20,3,3,10.64,7.97,5.75,10
TRID_95379,CID_6794,2020-02-26,4,3,7.68,6.73,5.74,11
TRID_83309,CID_12206,2020-03-31,4,3,7.36,6.48,6.45,13
TRID_42002,CID_14670,2020-03-23,8,3,22.72,7.6,4.51,10
TRID_77498,CID_11957,2020-01-02,4,4,11.92,9.65,2.44,4
TRID_72051,CID_6778,2020-03-20,4,3,7.92,6.96,4.99,11
TRID_17995,CID_6129,2020-03-09,5,3,16.96,7.88,4.1,9
TRID_19831,CID_9131,2020-03-24,7,4,9.36,8.6,6.76,14
TRID_54403,CID_6765,2020-02-21,5,2,24.16,5.81,5.36,12
TRID_81263,CID_13819,2020-01-09,5,3,11.76,7.42,5.63,11
TRID_64211,CID_14239,2020-02-02,4,3,7.92,6.71,7.16,13
TRID_8564,CID_7384,2020-01-25,6,5,14.4,10.17,5.67,12
TRID_55515,CID_8814,2020-02-09,5,5,10.8,10.53,5.8,12
TRID_71482,CID_9418,2020-02-11,4,2,6.48,4.6,5.6,14
TRID_89136,CID_13333,2020-03-09,9,3,10.56,7.61,5.36,9
TRID_19103,CID_13781,2020-01-22,3,3,8.88,7.92,6.94,14
TRID_27293,CID_13563,2020-02-13,6,3,7.44,6.72,6.13,13
TRID_25257,CID_10825,2020-03-28,2,2,8.16,5.54,6.83,14
TRID_11590,CID_6182,2020-01-23,5,3,9.36,6.9,5.24,10
TRID_85745,CID_7722,2020-02-10,3,3,7.44,7.15,5.89,11
TRID_49509,CID_14497,2020-03-10,7,3,35.04,7.38,6.13,11
TRID_2009,CID_14162,2020-03-13,6,4,12.4,9.12,4.86,9
TRID_16458,CID_11461,2020-01-18,4,2,19.12,5.97,3.31,6
TRID_89669,CID_13164,2020-01-29,8,7,16.32,15.59,4.82,9
TRID_99753,CID_7379,2020-01-21,2,2,13.52,5.19,4.5,10
TRID_69518,CID_14993,2020-02-27,8,3,15.52,7.78,8.04,14
TRID_65180,CID_6731,2020-01-18,5,3,13.92,6.74,5.56,11
TRID_13027,CID_13653,2020-01-29,2,2,25.2,5.03,8.1,17
TRID_51810,CID_9136,2020-02-13,3,3,7.44,6.89,5.56,13
TRID_53436,CID_10766,2020-02-12,6,2,8.32,5.85,4.8,10
TRID_45951,CID_8691,2020-02-26,4,2,5.52,5.03,8.41,16
TRID_67025,CID_8658,2020-03-02,4,3,11.68,7.19,3.21,7
TRID_97026,CID_12547,2020-02-12,4,2,20.4,5.99,2.96,6
TRID_53461,CID_9781,2020-03-17,3,3,10.88,6.43,4.0,10
TRID_29118,CID_13046,2020-01-23,2,2,6.64,4.31,7.53,14
TRID_11046,CID_5819,2020-02-20,9,2,15.92,4.19,7.46,15
TRID_89664,CID_12899,2020-02-28,9,4,17.12,9.03,1.48,4
TRID_92631,CID_12183,2020-01-19,2,2,13.92,4.83,4.9,10
TRID_69071,CID_8513,2020-01-29,6,4,21.92,9.39,5.32,12
TRID_59287,CID_5925,2020-02-23,4,2,18.96,5.88,6.71,13
TRID_50906,CID_10954,2020-02-05,5,3,19.36,7.19,6.17,13
TRID_3154,CID_14065,2020-03-13,3,3,12.24,7.78,5.61,11
TRID_96756,CID_5041,2020-03-12,5,3,13.28,7.04,6.16,11
TRID_92330,CID_12949,2020-01-02,4,2,7.12,4.89,4.58,8
TRID_90970,CID_7530,2020-03-30,2,2,14.4,4.56,3.52,7
TRID_95220,CID_14916,2020-01-01,4,2,17.52,4.32,8.56,16
TRID_5647,CID_11847,2020-03-18,5,1,25.12,3.6,5.13,11
TRID_38167,CID_6995,2020-03-30,3,0,10.72,1.84,6.34,11
TRID_63655,CID_13148,2020-03-02,3,3,14.32,7.23,6.28,14
TRID_51606,CID_12154,2020-01-29,3,2,7.92,4.89,5.15,11
TRID_63151,CID_10921,2020-02-21,3,2,7.04,5.56,6.79,13
TRID_9100,CID_6347,2020-02-24,7,4,23.12,8.17,7.7,15
TRID_14112,CID_7252,2020-01-30,5,3,7.44,7.27,5.75,12
TRID_88365,CID_9888,2020-01-31,4,3,8.48,7.24,7.61,16
TRID_35660,CID_8791,2020-02-03,5,4,9.12,9.03,6.29,13
TRID_84933,CID_14279,2020-03-12,3,3,9.84,6.22,8.45,16
TRID_31203,CID_6821,2020-02-15,9,3,9.84,6.99,3.01,7
TRID_78373,CID_11803,2020-01-15,3,2,9.76,4.12,4.37,8
TRID_58444,CID_14251,2020-01-21,5,4,9.28,8.28,1.93,4
TRID_86881,CID_10934,2020-01-15,2,1,8.4,3.97,7.32,13
TRID_97367,CID_8691,2020-02-16,5,2,13.6,5.97,7.35,15
TRID_55714,CID_8973,2020-01-04,7,3,11.12,7.24,5.1,11
TRID_54815,CID_9248,2020-02-25,6,3,9.68,7.65,8.01,16
TRID_98636,CID_10526,2020-03-21,4,2,7.36,5.97,6.04,10
TRID_25383,CID_10413,2020-03-01,3,2,9.92,5.61,4.75,11
TRID_89202,CID_14447,2020-03-16,8,4,17.76,8.27,9.71,19
TRID_96722,CID_11030,2020-02-02,4,4,8.88,8.29,2.66,8
TRID_83703,CID_6778,2020-02-26,4,4,8.64,8.6,3.85,7
TRID_20972,CID_13670,2020-03-15,6,3,9.76,7.57,5.86,10
TRID_4603,CID_11717,2020-02-22,3,3,8.08,6.01,4.1,8
TRID_14068,CID_14313,2020-01-18,2,2,14.0,4.68,2.37,6
TRID_55343,CID_5973,2020-01-10,5,2,12.8,4.84,4.0,8
TRID_28176,CID_8543,2020-02-16,3,2,6.8,5.48,3.52,7
TRID_38529,CID_7442,2020-02-24,4,3,14.4,6.86,5.64,11
TRID_59335,CID_6647,2020-01-05,5,3,11.04,7.2,6.04,13
TRID_25268,CID_11190,2020-03-13,6,2,11.12,5.09,6.6,12
TRID_35922,CID_7337,2020-01-31,4,3,10.88,7.39,4.7,10
TRID_60010,CID_8765,2020-02-24,12,3,11.84,6.9,5.86,12
TRID_38654,CID_11304,2020-01-02,5,5,20.32,10.96,5.3,12
TRID_8495,CID_11028,2020-02-17,5,4,16.48,8.35,7.5,14
TRID_17155,CID_11368,2020-01-03,2,1,7.52,3.11,5.48,11
TRID_12583,CID_8078,2020-01-30,11,3,16.24,6.72,3.64,7
TRID_2267,CID_10952,2020-02-13,4,3,16.48,6.55,3.92,9
TRID_99654,CID_9832,2020-03-06,4,3,10.32,7.45,6.24,13
TRID_72095,CID_5219,2020-01-09,9,3,21.04,6.91,7.18,15
TRID_67170,CID_8108,2020-01-02,11,4,10.08,8.96,6.58,14
TRID_58520,CID_8194,2020-03-07,5,2,8.8,5.62,5.99,12
TRID_68438,CID_12505,2020-03-24,7,3,13.6,7.39,6.3,12
TRID_34529,CID_6686,2020-01-30,5,5,12.56,10.53,2.95,7
TRID_85767,CID_13640,2020-01-16,3,2,5.2,4.48,3.2,8
TRID_94207,CID_14715,2020-03-21,5,3,10.24,7.46,7.03,14
TRID_96501,CID_7614,2020-01-19,15,5,16.32,11.91,4.41,8
TRID_93429,CID_10057,2020-01-14,7,4,16.88,9.7,9.18,18
TRID_51594,CID_10878,2020-03-17,4,3,14.96,7.01,5.51,11
TRID_4916,CID_11071,2020-02-02,16,2,13.2,4.95,5.27,10
TRID_17883,CID_14167,2020-01-20,5,4,13.84,8.23,8.21,17
TRID_51430,CID_9594,2020-03-19,5,3,12.96,7.0,6.57,13
TRID_77754,CID_7543,2020-02-27,3,2,18.8,5.49,5.69,13
TRID_281,CID_12630,2020-03-23,4,4,9.44,9.09,5.08,9
TRID_83744,CID_14255,2020-01-19,4,3,11.76,7.41,6.87,13
TRID_75576,CID_8784,2020-03-31,8,3,9.44,7.89,5.77,10
TRID_99062,CID_5720,2020-01-13,8,4,14.8,9.99,4.71,9
TRID_40109,CID_11687,2020-02-09,4,4,21.52,8.22,1.45,5
TRID_67169,CID_14129,2020-01-16,6,3,9.92,6.74,6.57,12
TRID_84616,CID_14067,2020-02-24,3,2,15.2,5.54,4.81,10
TRID_92340,CID_11051,2020-02-16,4,2,8.64,5.78,4.77,11
TRID_81848,CID_5795,2020-03-17,9,3,9.6,7.61,6.74,12
TRID_98306,CID_11169,2020-01-01,5,4,10.56,9.56,1.22,4
TRID_96694,CID_13086,2020-03-01,4,2,9.04,5.72,4.12,8
TRID_29918,CID_11751,2020-01-12,4,3,17.76,7.32,6.05,11
TRID_45065,CID_14043,2020-01-23,4,3,23.52,6.7,3.42,7
TRID_69034,CID_9337,2020-02-01,5,3,18.72,7.28,4.74,10
TRID_12691,CID_7531,2020-01-05,13,3,15.52,7.78,6.52,13
TRID_79465,CID_11452,2020-02-05,4,3,13.76,7.0,5.22,10
TRID_28701,CID_7257,2020-03-31,7,3,12.24,7.84,3.76,8
TRID_47629,CID_11599,2020-02-25,4,2,12.56,5.57,5.45,11
TRID_45178,CID_12299,2020-03-18,3,3,8.96,7.43,5.74,11
TRID_89736,CID_9535,2020-01-08,6,5,12.32,10.39,5.56,11
TRID_294,CID_8067,2020-03-03,6,3,16.64,7.26,6.11,12
TRID_42856,CID_6765,2020-01-17,5,3,8.8,7.77,6.6,13
TRID_85992,CID_11264,2020-03-02,3,3,20.32,6.94,3.33,6
TRID_82335,CID_14594,2020-02-01,6,2,11.2,4.03,3.11,7
TRID_88955,CID_7811,2020-01-24,3,3,10.64,7.62,7.95,17
TRID_90848,CID_13735,2020-03-27,6,3,21.04,6.94,7.28,15
TRID_32790,CID_7310,2020-01-10,5,5,15.04,10.38,7.26,16
TRID_92255,CID_14575,2020-03-26,4,4,14.08,9.03,2.75,7
TRID_9487,CID_13508,2020-01-31,3,3,15.92,7.51,5.5,11
TRID_55237,CID_12652,2020-02-16,6,5,19.44,10.52,4.88,10
TRID_68970,CID_11799,2020-01-13,4,2,7.84,5.16,6.74,11
TRID_85815,CID_14905,2020-01-29,4,3,26.64,7.85,1.83,4
TRID_20071,CID_12251,2020-01-01,7,3,7.76,6.29,3.37,7
TRID_52603,CID_8950,2020-03-25,9,3,15.68,7.12,7.71,14
TRID_9710,CID_14408,2020-02-13,3,3,22.64,7.03,5.29,10
TRID_49298,CID_12040,2020-01-08,10,5,12.48,10.22,8.51,16
TRID_18707,CID_12676,2020-01-16,3,3,6.8,6.12,5.23,11
TRID_69354,CID_7338,2020-01-06,5,3,8.08,6.22,7.51,14
TRID_86798,CID_7084,2020-03-14,5,4,21.36,8.32,10.72,20
TRID_96139,CID_5080,2020-02-17,8,3,8.72,6.69,5.91,11
TRID_32729,CID_14276,2020-03-14,6,2,10.32,5.39,5.07,11
TRID_21042,CID_13832,2020-02-10,8,5,18.88,10.18,5.53,11
TRID_34720,CID_6685,2020-01-29,8,1,32.64,3.45,6.02,13
TRID_43084,CID_8036,2020-01-22,6,2,11.92,4.85,6.39,14
TRID_74580,CID_5064,2020-02-27,4,3,11.28,6.39,4.76,10
TRID_31289,CID_12090,2020-03-17,7,4,17.6,8.59,8.2,17
TRID_41161,CID_12799,2020-01-15,6,2,18.4,4.2,3.55,9
TRID_4835,CID_9438,2020-03-23,10,5,15.36,11.31,10.26,19
TRID_10863,CID_13724,2020-02-14,16,2,26.8,5.48,4.06,8
TRID_92667,CID_10018,2020-01-20,3,1,12.8,3.84,5.29,11
TRID_48533,CID_11602,2020-03-31,10,4,12.72,9.64,4.66,10
TRID_31177,CID_5740,2020-03-25,6,2,12.8,5.21,7.46,13
TRID_771,CID_8742,2020-02-01,6,3,22.48,6.8,2.82,6
TRID_89494,CID_12886,2020-03-04,3,1,7.84,3.59,6.89,14
TRID_68212,CID_14162,2020-01-13,9,2,13.28,4.94,6.36,13
TRID_48635,CID_14338,2020-02-25,4,3,22.08,7.41,6.29,11
TRID_52554,CID_10999,2020-03-08,3,3,19.76,6.23,7.18,15
TRID_44113,CID_7408,2020-01-25,6,4,16.08,8.03,4.54,10
TRID_26451,CID_9305,2020-03-24,5,2,21.84,4.88,2.18,4
TRID_80940,CID_9813,2020-03-19,6,3,9.68,7.54,4.15,9
TRID_55691,CID_14614,2020-01-31,4,4,8.8,8.28,5.96,11
TRID_57238,CID_9522,2020-01-25,3,3,8.56,7.24,6.51,13
TRID_72340,CID_10054,2020-01-22,6,3,13.76,7.93,8.29,16
TRID_67696,CID_5481,2020-01-02,3,3,22.4,6.69,3.45,8
TRID_63032,CID_11803,2020-01-11,4,4,14.08,8.45,5.8,12
TRID_12801,CID_8279,2020-01-08,3,3,11.44,6.69,6.16,13
TRID_14019,CID_9418,2020-02-21,5,5,14.56,11.14,3.19,6
TRID_74842,CID_5094,2020-03-11,6,3,28.96,7.09,6.69,13
TRID_62950,CID_11071,2020-03-17,4,3,11.92,7.82,4.63,9
TRID_46135,CID_13370,2020-02-05,4,4,10.56,8.53,1.57,4
TRID_46673,CID_8655,2020-01-14,6,4,13.12,9.1,3.34,7
TRID_39297,CID_5290,2020-03-12,3,3,8.96,7.12,3.55,7
TRID_39831,CID_9580,2020-01-19,12,3,9.68,6.11,4.48,10
TRID_81999,CID_12300,2020-03-13,6,3,19.52,7.09,8.84,16
TRID_62837,CID_9995,2020-03-07,3,1,16.08,3.49,9.26,17
TRID_17265,CID_12566,2020-02-13,6,2,19.36,5.94,4.19,8
TRID_41608,CID_6911,2020-03-14,3,1,25.52,3.7,5.04,11
TRID_60287,CID_14463,2020-02-03,6,2,15.2,5.95,5.68,13
TRID_75196,CID_14326,2020-03-12,16,5,23.6,11.69,7.77,17
TRID_3721,CID_7020,2020-02-07,10,2,6.4,5.05,8.47,16
TRID_99018,CID_9374,2020-01-07,5,4,14.96,8.64,6.97,12
TRID_46467,CID_14364,2020-03-09,6,2,9.2,5.8,6.42,13
TRID_28782,CID_14336,2020-03-26,17,5,19.68,11.12,4.38,10
TRID_25499,CID_7353,2020-01-13,4,4,9.76,8.45,5.25,10
TRID_20752,CID_6396,2020-01-05,9,2,7.92,4.96,5.74,10
TRID_8936,CID_5289,2020-01-10,5,4,27.44,8.89,6.2,13
TRID_60924,CID_10860,2020-01-16,2,2,15.6,5.58,6.25,13
TRID_18578,CID_11396,2020-03-11,12,3,18.16,7.41,3.33,7
TRID_59785,CID_13639,2020-03-25,6,4,15.28,9.65,6.57,12
TRID_62677,CID_5975,2020-03-24,4,2,12.72,5.98,3.69,9
TRID_40975,CID_8543,2020-01-20,18,2,15.52,5.2,7.6,14
TRID_90607,CID_13410,2020-02-02,3,2,8.96,5.73,6.66,14
TRID_35044,CID_11599,2020-01-26,5,3,14.56,7.07,8.03,15
TRID_57853,CID_8925,2020-01-15,6,4,11.6,8.22,4.19,8
TRID_65794,CID_6563,2020-01-02,8,3,12.32,7.26,6.05,13
TRID_64799,CID_11301,2020-01-01,8,2,5.84,5.1,8.65,17
TRID_9676,CID_11966,2020-01-01,5,2,5.28,4.75,6.59,12
TRID_54355,CID_8623,2020-01-08,2,2,8.16,5.15,6.45,13
TRID_39098,CID_5046,2020-03-30,8,3,7.12,6.71,4.41,9
TRID_41044,CID_8965,2020-01-15,4,3,11.36,7.28,7.23,14
TRID_89127,CID_12927,2020-03-16,9,4,13.6,9.71,4.89,10
TRID_4940,CID_11277,2020-02-26,9,3,6.64,6.43,4.83,11
TRID_32404,CID_9500,2020-01-31,7,3,33.12,7.98,5.19,10
TRID_18364,CID_7630,2020-02-23,9,4,8.56,8.55,4.97,11
TRID_13187,CID_7338,2020-02-27,5,3,8.72,7.66,4.71,11
TRID_92857,CID_7265,2020-02-18,6,4,18.64,8.36,6.43,12
TRID_53242,CID_6405,2020-03-27,8,3,9.44,6.24,4.67,11
TRID_77240,CID_9781,2020-02-05,3,2,18.32,4.97,6.95,11
TRID_60935,CID_11055,2020-01-25,5,3,13.2,7.05,1.96,5
TRID_1405,CID_8043,2020-03-08,12,4,19.76,8.63,6.13,11
TRID_41754,CID_5258,2020-02-17,4,4,15.76,9.45,2.86,6
TRID_87068,CID_9359,2020-01-22,4,4,13.36,8.66,5.41,11
TRID_65788,CID_11595,2020-03-07,3,2,7.84,4.63,5.49,11
TRID_65304,CID_7795,2020-01-10,5,4,11.12,8.72,7.67,15
TRID_53793,CID_7421,2020-01-23,7,4,10.0,9.52,7.77,14
TRID_69068,CID_9017,2020-01-14,5,5,11.84,11.27,8.09,16
TRID_18115,CID_14459,2020-02-11,9,5,16.8,10.64,4.24,8
TRID_60223,CID_14296,2020-02-06,4,2,12.88,5.42,6.57,14
TRID_11245,CID_5041,2020-03-25,4,3,8.96,7.73,4.82,9
TRID_53201,CID_14940,2020-01-26,3,3,24.64,6.06,7.58,15
TRID_32042,CID_6182,2020-03-07,6,3,22.24,6.1,2.64,6
TRID_48752,CID_5908,2020-01-05,5,2,14.48,5.39,5.85,12
TRID_31604,CID_7018,2020-01-26,3,2,9.12,4.51,6.66,13
TRID_60396,CID_8313,2020-02-10,7,3,9.2,7.35,4.57,9
TRID_15903,CID_10636,2020-01-02,4,2,15.36,5.38,5.21,11
TRID_54091,CID_9823,2020-03-13,5,3,7.76,7.73,8.01,15
TRID_80446,CID_7957,2020-03-09,5,4,15.68,8.53,10.86,19
TRID_67815,CID_10468,2020-02-17,4,2,16.88,5.72,4.5,10
TRID_89217,CID_12465,2020-01-05,7,2,9.36,5.77,5.87,11
TRID_89619,CID_13278,2020-03-04,6,3,11.76,6.02,6.33,12
TRID_26195,CID_10579,2020-01-09,5,2,12.88,4.92,2.83,6
TRID_96024,CID_6131,2020-01-24,7,1,16.72,2.86,8.75,17
TRID_40245,CID_14044,2020-01-10,4,2,28.16,5.75,6.62,14
TRID_69001,CID_13205,2020-02-27,7,3,15.12,6.88,3.43,7
TRID_44203,CID_12432,2020-03-24,8,4,12.0,9.62,5.13,9
TRID_92607,CID_8552,2020-02-02,10,4,32.64,9.37,7.75,14
TRID_4283,CID_11175,2020-02-07,3,3,7.36,7.31,7.97,17
TRID_28475,CID_6068,2020-03-13,3,3,11.52,6.68,5.91,13
TRID_82952,CID_8183,2020-02-23,2,2,11.12,5.42,5.29,12
TRID_74720,CID_7062,2020-02-24,4,2,14.72,4.36,3.63,7
TRID_26091,CID_6303,2020-03-18,2,2,7.76,4.83,4.69,10
TRID_66783,CID_11519,2020-02-26,4,3,11.52,6.95,8.32,15
TRID_15050,CID_6776,2020-03-18,15,4,9.44,8.77,5.04,10
TRID_56137,CID_13404,2020-03-30,8,2,8.56,4.05,4.43,10
TRID_76578,CID_5027,2020-02-25,3,3,14.8,7.52,8.84,17
TRID_23917,CID_14313,2020-01-27,3,3,23.04,7.15,2.94,8
TRID_47194,CID_12498,2020-02-19,3,3,7.6,6.92,7.2,15
TRID_17934,CID_6400,2020-01-03,4,2,10.96,4.15,6.93,15
TRID_89303,CID_11617,2020-02-04,9,3,19.28,7.16,5.79,11
TRID_23640,CID_13649,2020-01-03,6,5,13.6,10.54,7.4,15
TRID_35610,CID_9669,2020-02-27,7,3,8.56,7.53,4.06,9
TRID_31828,CID_10248,2020-03-12,4,3,22.64,6.02,7.26,15
TRID_28931,CID_14670,2020-02-18,14,5,20.64,11.08,4.71,10
TRID_50914,CID_10455,2020-02-10,6,2,6.0,4.14,8.29,16
TRID_87877,CID_13527,2020-03-08,6,4,11.28,8.71,3.25,5
TRID_59376,CID_9133,2020-02-03,7,3,10.16,7.93,4.44,9
TRID_9336,CID_12142,2020-02-06,2,2,15.68,5.02,4.47,10
TRID_14944,CID_6701,2020-03-01,7,2,11.28,4.8,5.03,11
TRID_32605,CID_11680,2020-03-22,5,4,11.04,9.11,8.95,17
TRID_21658,CID_8088,2020-01-08,4,2,6.08,5.44,3.36,8
TRID_19468,CID_12740,2020-03-27,5,4,8.08,8.04,8.74,17
TRID_56064,CID_14355,2020-01-19,5,3,20.72,7.5,5.41,11
TRID_88153,CID_9051,2020-01-24,4,3,13.76,6.31,8.75,16
TRID_12751,CID_11601,2020-01-28,4,4,10.32,8.02,3.33,7
TRID_41620,CID_10878,2020-02-12,5,1,11.36,2.82,9.04,17
TRID_91880,CID_7894,2020-01-03,3,3,16.24,6.23,6.41,11
TRID_42259,CID_12139,2020-02-24,13,4,13.84,8.39,7.37,15
TRID_46,CID_12999,2020-02-25,7,5,14.4,10.94,5.54,11
TRID_8885,CID_5938,2020-02-12,10,4,25.52,8.88,6.72,14
TRID_45465,CID_10448,2020-01-07,3,3,9.04,7.51,3.7,8
TRID_52605,CID_11497,2020-03-31,3,3,6.8,6.1,6.56,13
TRID_53351,CID_6347,2020-01-30,4,4,9.36,8.34,5.57,12
TRID_25266,CID_11396,2020-01-14,9,2,15.28,4.5,5.15,10
TRID_23646,CID_12666,2020-02-01,8,2,5.6,5.29,6.6,12
TRID_42536,CID_8689,2020-03-16,8,3,15.68,6.1,7.67,14
TRID_87638,CID_13553,2020-03-20,6,2,14.56,5.7,6.36,12
TRID_15712,CID_5838,2020-02-16,4,2,19.52,5.31,7.51,15
TRID_39651,CID_14038,2020-01-13,3,3,11.36,6.93,6.85,14
TRID_94346,CID_14777,2020-02-24,5,3,7.28,6.47,1.51,4
TRID_77454,CID_8516,2020-01-27,2,2,11.76,5.17,3.7,7
TRID_68077,CID_6234,2020-01-17,4,2,11.52,5.76,10.06,20
TRID_39100,CID_10067,2020-01-02,10,4,20.08,9.13,3.84,9
TRID_32751,CID_11051,2020-01-11,3,3,8.48,6.12,7.64,15
TRID_80713,CID_11370,2020-01-30,3,3,11.12,6.49,4.76,10
TRID_16240,CID_12897,2020-03-04,10,3,22.24,7.68,5.69,11
TRID_8093,CID_12932,2020-03-08,5,1,13.52,3.73,7.4,15
TRID_76756,CID_5302,2020-03-08,6,4,9.2,8.29,10.32,19
TRID_60807,CID_14295,2020-01-28,12,5,17.76,11.72,9.34,18
TRID_92106,CID_11304,2020-02-03,4,3,28.72,6.86,5.72,11
TRID_47934,CID_14336,2020-01-21,3,3,16.4,6.97,8.23,17
TRID_76482,CID_9535,2020-02-19,7,2,9.52,5.18,6.06,12
TRID_22856,CID_10158,2020-03-08,5,4,11.2,8.08,4.58,7
TRID_76791,CID_13379,2020-03-17,6,2,9.04,5.11,5.56,11
TRID_26665,CID_8702,2020-03-01,9,5,12.88,11.12,7.45,13
TRID_21951,CID_11042,2020-01-12,7,3,16.16,6.88,8.66,16
TRID_13104,CID_14298,2020-01-27,6,4,30.88,9.89,5.46,10
TRID_75059,CID_7640,2020-02-18,4,3,25.76,6.05,5.28,11
TRID_36005,CID_8522,2020-03-11,6,4,31.52,9.17,2.84,7
TRID_64985,CID_5130,2020-03-16,5,4,12.56,9.24,8.3,18
TRID_64704,CID_10530,2020-02-09,5,5,13.92,10.16,7.28,15
TRID_54915,CID_14896,2020-02-15,8,3,7.44,7.13,3.57,8
TRID_90366,CID_13442,2020-02-03,3,3,10.08,8.0,2.1,6
TRID_49104,CID_6143,2020-02-12,11,5,11.44,11.17,6.65,11
TRID_59754,CID_10128,2020-01-08,2,2,16.32,5.86,6.62,15
TRID_63803,CID_14565,2020-03-13,15,3,26.8,6.31,2.7,8
TRID_44520,CID_11327,2020-02-15,8,3,8.0,7.89,3.45,9
TRID_63468,CID_7736,2020-02-02,13,3,10.0,7.93,6.32,13
TRID_873,CID_7060,2020-03-28,5,4,19.52,8.56,6.47,12
TRID_11593,CID_8665,2020-01-02,5,3,14.32,7.28,4.02,8
TRID_22999,CID_12340,2020-01-02,3,3,14.88,7.91,8.05,17
TRID_21897,CID_10454,2020-03-28,10,3,9.84,6.86,5.65,11
TRID_39749,CID_9212,2020-03-16,6,4,12.48,9.91,6.65,14
TRID_73066,CID_11370,2020-02-02,5,2,6.8,5.59,3.27,8
TRID_35827,CID_10934,2020-03-27,3,3,32.64,6.02,5.06,10
TRID_94245,CID_12041,2020-03-17,5,3,14.4,7.56,4.98,10
TRID_84142,CID_5492,2020-02-09,6,4,11.76,9.21,5.79,11
TRID_63388,CID_6545,2020-02-10,8,4,30.64,8.17,8.12,16
TRID_22165,CID_11133,2020-03-22,8,3,10.8,7.33,5.63,11
TRID_38579,CID_12142,2020-02-06,5,2,6.16,5.68,6.33,12
TRID_52092,CID_14309,2020-01-17,4,3,12.32,7.15,6.26,13
TRID_77103,CID_7020,2020-03-26,3,2,12.32,5.98,2.19,5
TRID_72686,CID_11650,2020-01-23,6,3,9.84,7.68,7.04,15
TRID_47071,CID_8106,2020-01-30,15,4,13.28,8.58,8.03,15
TRID_79556,CID_12566,2020-01-03,13,2,14.8,4.66,6.95,14
TRID_84824,CID_11607,2020-02-19,6,3,25.6,6.84,6.31,14
TRID_50120,CID_14271,2020-02-13,7,3,6.32,6.24,6.23,13
TRID_35097,CID_10468,2020-01-04,6,4,26.08,9.11,3.45,7
TRID_74374,CID_5692,2020-03-21,8,5,19.84,10.88,5.41,11
TRID_97035,CID_7459,2020-01-26,7,2,13.68,5.69,4.19,9
TRID_91137,CID_6955,2020-03-04,12,3,12.72,6.39,7.12,14
TRID_16320,CID_13940,2020-01-29,7,3,22.24,6.22,5.52,11
TRID_69306,CID_6234,2020-01-03,5,3,10.4,6.37,8.12,17
TRID_95901,CID_6786,2020-02-08,5,2,8.32,4.62,7.74,15
TRID_87376,CID_5375,2020-01-02,6,3,22.24,6.73,7.46,14
TRID_17836,CID_11889,2020-02-21,6,3,8.64,6.05,4.1,7
TRID_94787,CID_8104,2020-02-05,5,4,13.28,8.38,9.15,18
TRID_32492,CID_6656,2020-03-24,7,4,12.24,8.2,3.66,7
TRID_35692,CID_5161,2020-03-28,6,3,10.8,6.21,5.14,11
TRID_49979,CID_8503,2020-02-27,3,2,6.8,4.09,2.1,5
TRID_19322,CID_11609,2020-01-09,3,2,12.8,5.82,5.15,9
TRID_65053,CID_8229,2020-03-07,7,2,9.44,5.87,6.34,12
TRID_64622,CID_12389,2020-01-01,4,2,6.96,5.14,3.91,9
TRID_59984,CID_7965,2020-01-25,11,3,17.68,7.01,4.28,9
TRID_47465,CID_14173,2020-02-25,5,2,7.44,5.59,6.56,14
TRID_73545,CID_13884,2020-02-13,2,2,7.84,5.98,4.78,11
TRID_34573,CID_13150,2020-01-04,4,3,15.6,7.78,7.86,15
TRID_32811,CID_14135,2020-02-09,4,2,8.96,5.76,5.44,11
TRID_62595,CID_8221,2020-03-19,8,6,41.04,12.76,6.01,13
TRID_9227,CID_11573,2020-02-27,4,4,16.64,9.59,4.89,10
TRID_53102,CID_12872,2020-01-02,9,4,12.08,8.84,7.19,14
TRID_96247,CID_11509,2020-02-28,3,3,7.04,6.26,4.8,10
TRID_34766,CID_10653,2020-03-22,6,3,7.76,6.19,6.43,13
TRID_81095,CID_13199,2020-02-03,6,4,12.72,8.64,4.45,8
TRID_21417,CID_12748,2020-03-25,7,2,19.2,5.96,4.45,9
TRID_26223,CID_12038,2020-01-29,16,4,11.28,9.65,2.65,6
TRID_66950,CID_6429,2020-02-03,4,2,11.76,4.56,3.33,7
TRID_34310,CID_13151,2020-03-19,2,2,9.44,5.98,9.67,18
TRID_81607,CID_5164,2020-02-03,6,1,4.64,3.05,7.21,15
TRID_51102,CID_10198,2020-02-05,2,1,17.84,2.9,1.94,4
TRID_9048,CID_6128,2020-01-20,15,3,19.04,6.69,7.37,15
TRID_13865,CID_7128,2020-02-22,3,2,25.84,5.85,6.59,14
TRID_2593,CID_6217,2020-02-07,8,3,25.76,6.4,6.44,13
TRID_5683,CID_14869,2020-01-30,6,3,9.84,6.35,6.36,12
TRID_57928,CID_14793,2020-03-16,4,1,4.56,3.54,6.66,13
TRID_82164,CID_8715,2020-01-23,4,4,13.44,9.34,7.7,15
TRID_21489,CID_12716,2020-02-29,8,2,11.2,5.35,6.34,13
TRID_14571,CID_8548,2020-02-07,1,1,9.36,2.96,6.69,13
TRID_17579,CID_14055,2020-01-07,2,2,12.32,4.23,3.64,7
TRID_65285,CID_11956,2020-01-06,4,3,9.04,7.03,4.23,10
TRID_75751,CID_6731,2020-02-02,9,3,23.36,7.1,6.13,13
TRID_70358,CID_11672,2020-02-11,6,3,8.96,6.36,5.19,12
TRID_79574,CID_11814,2020-01-16,4,3,12.32,7.99,5.41,11
TRID_22673,CID_14707,2020-01-13,5,3,29.44,7.58,7.83,15
TRID_52307,CID_11997,2020-02-13,4,1,4.48,3.92,3.47,6
TRID_94248,CID_13901,2020-03-28,3,3,6.56,6.06,11.07,21
TRID_49974,CID_10784,2020-02-05,9,4,21.92,8.93,3.62,6
TRID_6337,CID_12077,2020-03-16,5,5,13.52,11.68,4.51,9
TRID_77408,CID_5464,2020-02-24,4,3,7.2,6.63,6.75,13
TRID_30054,CID_12197,2020-01-15,7,4,14.88,8.31,5.36,10
TRID_44891,CID_13470,2020-03-14,4,3,15.2,6.94,6.86,12
TRID_85600,CID_10316,2020-01-26,3,2,12.56,5.56,2.68,7
TRID_13857,CID_11559,2020-03-16,5,5,10.24,10.13,6.0,14
TRID_81344,CID_5464,2020-02-27,4,4,22.4,8.89,8.64,17
TRID_12726,CID_12864,2020-03-04,5,2,11.28,5.5,4.41,10
TRID_3220,CID_7155,2020-02-06,3,2,9.52,5.5,5.65,12
TRID_28563,CID_13148,2020-01-24,4,2,11.12,5.97,5.58,12
TRID_45153,CID_11636,2020-03-27,5,3,24.24,6.07,5.62,11
TRID_37922,CID_12298,2020-01-13,6,4,24.88,8.5,5.11,11
TRID_41138,CID_13071,2020-03-07,8,3,19.36,6.4,6.48,11
TRID_93147,CID_11952,2020-01-19,8,2,19.76,5.2,5.6,10
TRID_92775,CID_6812,2020-01-21,17,5,13.76,10.62,6.02,11
TRID_59956,CID_14087,2020-01-08,5,4,27.68,9.92,6.7,14
TRID_71416,CID_6685,2020-02-20,2,2,7.76,5.15,4.19,10
TRID_18355,CID_10373,2020-03-27,8,4,9.92,8.15,8.26,15
TRID_5183,CID_5509,2020-02-29,5,4,11.76,8.48,5.45,10
TRID_28899,CID_7965,2020-02-22,6,4,10.24,8.09,8.61,18
TRID_79601,CID_10191,2020-01-04,4,3,14.72,6.51,8.06,15
TRID_14513,CID_10021,2020-01-12,4,4,9.6,9.45,6.4,13
TRID_72584,CID_14749,2020-03-16,9,2,10.88,4.8,7.3,16
TRID_26040,CID_12606,2020-01-06,5,3,11.68,7.4,5.91,12
TRID_14119,CID_13832,2020-02-07,3,3,11.44,6.08,5.36,11
TRID_39541,CID_7598,2020-01-05,7,3,10.88,6.01,7.57,15
TRID_16592,CID_9529,2020-03-22,7,3,12.8,6.77,7.58,13
TRID_58108,CID_14436,2020-02-18,3,3,16.4,7.14,3.05,6
TRID_3981,CID_7533,2020-01-14,6,5,21.04,10.82,5.51,11
TRID_81395,CID_8136,2020-01-02,5,3,7.68,7.44,4.61,8
TRID_31041,CID_10758,2020-03-09,16,4,11.6,9.41,6.93,13
TRID_67515,CID_7264,2020-02-22,3,3,15.12,7.37,2.84,5
TRID_22117,CID_12489,2020-03-21,10,4,24.8,9.16,5.51,12
TRID_34882,CID_13254,2020-03-25,4,3,24.08,7.71,8.18,16
TRID_45571,CID_10198,2020-01-06,4,3,12.72,7.03,5.5,11
TRID_53551,CID_9700,2020-01-26,4,3,9.76,7.85,5.38,11
TRID_59436,CID_14234,2020-02-26,3,3,12.96,6.67,6.45,13
TRID_70407,CID_10631,2020-03-12,5,3,14.64,6.91,7.54,14
TRID_47852,CID_5029,2020-01-25,8,3,11.44,7.93,7.19,14
TRID_4061,CID_8663,2020-03-16,3,3,10.08,7.43,6.35,12
TRID_78758,CID_7821,2020-03-16,6,5,11.68,10.02,3.69,8
TRID_7743,CID_6930,2020-02-14,7,4,8.56,8.45,2.75,6
